Workbook

Sheet ANEXO III
B2: RBT12: | C2: alíquota efetiva | D2: PERCENTUAIS EFETIVOS DOS TRIBUTOS
D3: IRPJ | E3: CSLL | F3: Cofins | G3: PIS/Pasep | H3: CPP | I3: ISS
A4: digite a RBT12 no próximo campo - > | B4: 1800000 | C4: =D15 -> 0.1402 | D4: =G24 -> 0.0056 | E4: =H24 -> 0.0049 | F4: =I24 -> 0.0191 | G4: =J24 -> 0.0041 | H4: =K24 -> 0.0609 | I4: =L24 -> 0.0456 | K4: =C4-I4 -> 0.0946
B5: =B4/12 -> 150000 | C5: =B5*C4 -> 21030 | G5: PERCENTUAIS DE REPARTIÇÃO DOS TRIBUTOS
B6: LIM.INFERIOR | C6: LIM.SUPERIOR | D6: ALÍQUOTA NOMINAL | E6: VLR DEDUZIR | G6: IRPJ | H6: CSLL | I6: Cofins | J6: PIS/Pasep | K6: CPP | L6: ISS
A7: 1ª faixa | B7: 0 | C7: 180000 | D7: 0.06 | E7: 0 | F7: 1ª faixa | G7: 0.04 | H7: 0.035 | I7: 0.1282 | J7: 0.0278 | K7: 0.434 | L7: 0.335
A8: 2ª faixa | B8: 180000.01 | C8: 360000 | D8: 0.112 | E8: 9360 | F8: 2ª faixa | G8: 0.04 | H8: 0.035 | I8: 0.1405 | J8: 0.0305 | K8: 0.434 | L8: 0.32
A9: 3ª faixa | B9: 360000.01 | C9: 720000 | D9: 0.135 | E9: 17640 | F9: 3ª faixa | G9: 0.04 | H9: 0.035 | I9: 0.1364 | J9: 0.0296 | K9: 0.434 | L9: 0.325
A10: 4ª faixa | B10: 720000.01 | C10: 1800000 | D10: 0.16 | E10: 35640 | F10: 4ª faixa | G10: 0.04 | H10: 0.035 | I10: 0.1364 | J10: 0.0296 | K10: 0.434 | L10: 0.325
A11: 5ª faixa | B11: 1800000 | C11: 3600000 | D11: 0.21 | E11: 125640 | F11: 5ª faixa | G11: 0.04 | H11: 0.035 | I11: 0.1282 | J11: 0.0278 | K11: 0.434 | L11: 0.335
A12: 6ª faixa | B12: 3600000 | C12: 4800000 | D12: 0.33 | E12: 648000 | F12: 6ª faixa | G12: 0.35 | H12: 0.15 | I12: 0.1603 | J12: 0.0347 | K12: 0.305 | L12: 0
A14: 1ª faixa | B14: =IF(AND($B$4>=B7,$B$4<=C7),($B$4*D7-E7)/$B$4) -> FALSE | C14: =ROUND(B14,5) -> 0 | D14: =IF(AND($B$4>=B7,$B$4<=C7),C14,IF(AND($B$4>=B8,$B$4<=C8),C15,IF(AND($B$4>=B9,$B$4<=C9),C16,IF(AND($B$4>=B10,$B$4<=C10),C17,IF(AND($B$4>=B11,$B$4<=C11),C18,IF(AND($B$4>=B12,$B$4<=C12),C19,IF(AND($B$4>=#REF!,$B$4<=#REF!),#REF!,IF(AND($B$4>#REF!),C20)))))))) -> 0.1402 | G14: IRPJ | H14: CSLL | I14: Cofins | J14: PIS/Pasep | K14: CPP | L14: ISS | N14: 0.05
A15: 2ª faixa | B15: =IF(AND($B$4>=B8,$B$4<=C8),($B$4*D8-E8)/$B$4) -> FALSE | C15: =ROUND(B15,5) -> 0 | D15: =ROUND(D14,4) -> 0.1402 | G15: =IF(AND($B$4>=$B$7,$B$4<=$C$7),$C$4*G7,IF(AND($B$4>=$B$8,$B$4<=$C$8),$C$4*G8,IF(AND($B$4>=$B$9,$B$4<=$C$9),$C$4*G9,IF(AND($B$4>=$B$10,$B$4<=$C$10),$C$4*G10,IF(AND($B$4>=$B$11,$B$4<=$C$11),$C$4*G11,IF(AND($B$4>=$B$12,$B$4<=$C$12),$C$4*G12,IF(AND($B$4>=#REF!,$B$4<=#REF!),$C$4*#REF!,IF(AND($B$4>#REF!),$C$4*#REF!)))))))) -> 0.005608 | H15: =IF(AND($B$4>=$B$7,$B$4<=$C$7),$C$4*H7,IF(AND($B$4>=$B$8,$B$4<=$C$8),$C$4*H8,IF(AND($B$4>=$B$9,$B$4<=$C$9),$C$4*H9,IF(AND($B$4>=$B$10,$B$4<=$C$10),$C$4*H10,IF(AND($B$4>=$B$11,$B$4<=$C$11),$C$4*H11,IF(AND($B$4>=$B$12,$B$4<=$C$12),$C$4*H12,IF(AND($B$4>=#REF!,$B$4<=#REF!),$C$4*#REF!,IF(AND($B$4>#REF!),$C$4*#REF!)))))))) -> 0.004907 | I15: =IF(AND($B$4>=$B$7,$B$4<=$C$7),$C$4*I7,IF(AND($B$4>=$B$8,$B$4<=$C$8),$C$4*I8,IF(AND($B$4>=$B$9,$B$4<=$C$9),$C$4*I9,IF(AND($B$4>=$B$10,$B$4<=$C$10),$C$4*I10,IF(AND($B$4>=$B$11,$B$4<=$C$11),$C$4*I11,IF(AND($B$4>=$B$12,$B$4<=$C$12),$C$4*I12,IF(AND($B$4>=#REF!,$B$4<=#REF!),$C$4*#REF!,IF(AND($B$4>#REF!),$C$4*#REF!)))))))) -> 0.01912328 | J15: =IF(AND($B$4>=$B$7,$B$4<=$C$7),$C$4*J7,IF(AND($B$4>=$B$8,$B$4<=$C$8),$C$4*J8,IF(AND($B$4>=$B$9,$B$4<=$C$9),$C$4*J9,IF(AND($B$4>=$B$10,$B$4<=$C$10),$C$4*J10,IF(AND($B$4>=$B$11,$B$4<=$C$11),$C$4*J11,IF(AND($B$4>=$B$12,$B$4<=$C$12),$C$4*J12,IF(AND($B$4>=#REF!,$B$4<=#REF!),$C$4*#REF!,IF(AND($B$4>#REF!),$C$4*#REF!)))))))) -> 0.00414992 | K15: =IF(AND($B$4>=$B$7,$B$4<=$C$7),$C$4*K7,IF(AND($B$4>=$B$8,$B$4<=$C$8),$C$4*K8,IF(AND($B$4>=$B$9,$B$4<=$C$9),$C$4*K9,IF(AND($B$4>=$B$10,$B$4<=$C$10),$C$4*K10,IF(AND($B$4>=$B$11,$B$4<=$C$11),$C$4*K11,IF(AND($B$4>=$B$12,$B$4<=$C$12),$C$4*K12,IF(AND($B$4>=#REF!,$B$4<=#REF!),$C$4*#REF!,IF(AND($B$4>#REF!),$C$4*#REF!)))))))) -> 0.0608468 | L15: =IF(AND($B$4>=$B$7,$B$4<=$C$7),$C$4*L7,IF(AND($B$4>=$B$8,$B$4<=$C$8),$C$4*L8,IF(AND($B$4>=$B$9,$B$4<=$C$9),$C$4*L9,IF(AND($B$4>=$B$10,$B$4<=$C$10),$C$4*L10,IF(AND($B$4>=$B$11,$B$4<=$C$11),$C$4*L11,IF(AND($B$4>=$B$12,$B$4<=$C$12),$C$4*L12,IF(AND($B$4>=#REF!,$B$4<=#REF!),$C$4*#REF!,IF(AND($B$4>#REF!),$C$4*#REF!)))))))) -> 0.045565
A16: 3ª faixa | B16: =IF(AND($B$4>=B9,$B$4<=C9),($B$4*D9-E9)/$B$4) -> FALSE | C16: =ROUND(B16,5) -> 0 | G16: =ROUND(G15,4) -> 0.0056 | H16: =ROUND(H15,4) -> 0.0049 | I16: =ROUND(I15,4) -> 0.0191 | J16: =ROUND(J15,4) -> 0.0041 | K16: =ROUND(K15,4) -> 0.0608 | L16: =ROUND(L15,4) -> 0.0456 | M16: =SUM(G16:L16) -> 0.1401
A17: 4ª faixa | B17: =IF(AND($B$4>=B10,$B$4<=C10),($B$4*D10-E10)/$B$4) -> 0.1402 | C17: =ROUND(B17,5) -> 0.1402 | G17: =IF(G16=MAX($G$16:$L$16),(G16+$M$19),IF(G16<>MAX($G$16:$L$16),G16)) -> 0.0056 | H17: =IF(H16=MAX($G$16:$L$16),(H16+$M$19),IF(H16<>MAX($G$16:$L$16),H16)) -> 0.0049 | I17: =IF(I16=MAX($G$16:$L$16),(I16+$M$19),IF(I16<>MAX($G$16:$L$16),I16)) -> 0.0191 | J17: =IF(J16=MAX($G$16:$L$16),(J16+$M$19),IF(J16<>MAX($G$16:$L$16),J16)) -> 0.0041 | K17: =IF(K16=MAX($G$16:$L$16),(K16+$M$19),IF(K16<>MAX($G$16:$L$16),K16)) -> 0.0609 | L17: =IF(L16=MAX($G$16:$L$16),(L16+$M$19),IF(L16<>MAX($G$16:$L$16),L16)) -> 0.0456 | M17: =SUM(G17:L17) -> 0.1402 | N17: =SUM(G17:L17) -> 0.1402
A18: 5ª faixa | B18: =IF(AND($B$4>=B11,$B$4<=C11),($B$4*D11-E11)/$B$4) -> FALSE | C18: =ROUND(B18,5) -> 0 | G18: =ROUND(G17,4) -> 0.0056 | H18: =ROUND(H17,4) -> 0.0049 | I18: =ROUND(I17,4) -> 0.0191 | J18: =ROUND(J17,4) -> 0.0041 | K18: =ROUND(K17,4) -> 0.0609 | L18: =ROUND(L17,4) -> 0.0456 | N18: =IF(C4=N17,"OK") -> OK
A19: 6ª faixa | B19: =IF(AND($B$4>=B12,$B$4<=C12),($B$4*D12-E12)/$B$4) -> FALSE | C19: =ROUND(B19,5) -> 0 | G19: =G18-G16 -> 0 | H19: =H18-H16 -> 0 | I19: =I18-I16 -> 0 | J19: =J18-J16 -> 0 | K19: =K18-K16 -> 0.0001 | L19: =L18-L16 -> 0 | M19: =C4-M16 -> 0.0001
G20: =G18 -> 0.0056 | H20: =H18 -> 0.0049 | I20: =I18 -> 0.0191 | J20: =J18 -> 0.0041 | K20: =K18 -> 0.0609 | L20: =L18 -> 0.0456 | M20: =L20-N14 -> -0.0044 | N20: =IF(M20>0,M20,0) -> 0
G21: =$N$20*G29 -> 0 | H21: =$N$20*H29 -> 0 | I21: =$N$20*I29 -> 0 | J21: =$N$20*J29 -> 0 | K21: =$N$20*K29 -> 0 | M21: =SUM(G21:L21) -> 0
G22: =G18+G21 -> 0.0056 | H22: =H18+H21 -> 0.0049 | I22: =I18+I21 -> 0.0191 | J22: =J18+J21 -> 0.0041 | K22: =K18+K21 -> 0.0609 | L22: =L20-N20 -> 0.0456 | M22: =SUM(G22:L22) -> 0.1402
G23: =ROUND(G22,4) -> 0.0056 | H23: =ROUND(H22,4) -> 0.0049 | I23: =ROUND(I22,4) -> 0.0191 | J23: =ROUND(J22,4) -> 0.0041 | K23: =ROUND(K22,4) -> 0.0609 | L23: =TRUNC(L22,4) -> 0.0456 | M23: =SUM(G23:L23) -> 0.1402 | N23: =M22-M23 -> 0
A24: limite para 4,99 de ISS | B24: 2064579 | G24: =IF(G23=MAX($G$23:$K$23),(G23+$N$23),IF(G23<>MAX($G$23:$K$23),G23)) -> 0.0056 | H24: =IF(H23=MAX($G$23:$L$23),(H23+$N$23),IF(H23<>MAX($G$23:$L$23),H23)) -> 0.0049 | I24: =IF(I23=MAX($G$23:$L$23),(I23+$N$23),IF(I23<>MAX($G$23:$L$23),I23)) -> 0.0191 | J24: =IF(J23=MAX($G$23:$L$23),(J23+$N$23),IF(J23<>MAX($G$23:$L$23),J23)) -> 0.0041 | K24: =IF(K23=MAX($G$23:$L$23),(K23+$N$23),IF(K23<>MAX($G$23:$L$23),K23)) -> 0.0609 | L24: =IF(L23=MAX($G$23:$L$23),(L23+$N$23),IF(L23<>MAX($G$23:$L$23),L23)) -> 0.0456 | M24: =SUM(G24:L24) -> 0.1402
G27: 0.04 | H27: 0.035 | I27: 0.1282 | J27: 0.0278 | K27: 0.434 | L27: =SUM(G27:K27) -> 0.665
G28: =G27/$L$27 -> 0.060150376 | H28: =H27/$L$27 -> 0.052631579 | I28: =I27/$L$27 -> 0.19278195 | J28: =J27/$L$27 -> 0.041804511 | K28: =K27/$L$27 -> 0.65263158 | L28: =SUM(G28:K28) -> 1
G29: =G27/$L$27 -> 0.060150376 | H29: =H27/$L$27 -> 0.052631579 | I29: =I27/$L$27 -> 0.19278195 | J29: =J27/$L$27 -> 0.041804511 | K29: =K27/$L$27 -> 0.65263158 | L29: =SUM(G29:K29) -> 1
G30: =($C$4-5%)*G29 -> 0.0054255639 | H30: =($C$4-5%)*H29 -> 0.0047473684 | I30: =($C$4-5%)*I29 -> 0.017388932 | J30: =($C$4-5%)*J29 -> 0.0037707669 | K30: =($C$4-5%)*K29 -> 0.058867368 | L30: 0.05 | M30: =SUM(G30:L30) -> 0.1402
G31: =ROUND(G30,4) -> 0.0054 | H31: =ROUND(H30,4) -> 0.0047 | I31: =ROUND(I30,4) -> 0.0174 | J31: =ROUND(J30,4) -> 0.0038 | K31: =ROUND(K30,4) -> 0.0589 | L31: =ROUND(L30,4) -> 0.05 | M31: =SUM(G31:L31) -> 0.1402 | N31: =-M31+M30 -> 0
G32: =IF(G31=MAX($G$31:$L$31),(G31+$N$31),IF(G31<>MAX($G$31:$L$31),G31)) -> 0.0054 | H32: =IF(H31=MAX($G$31:$L$31),(H31+$N$31),IF(H31<>MAX($G$31:$L$31),H31)) -> 0.0047 | I32: =IF(I31=MAX($G$31:$L$31),(I31+$N$31),IF(I31<>MAX($G$31:$L$31),I31)) -> 0.0174 | J32: =IF(J31=MAX($G$31:$L$31),(J31+$N$31),IF(J31<>MAX($G$31:$L$31),J31)) -> 0.0038 | K32: =IF(K31=MAX($G$31:$L$31),(K31+$N$31),IF(K31<>MAX($G$31:$L$31),K31)) -> 0.0589 | L32: =IF(L31=MAX($G$16:$L$16),(L31+$M$19),IF(L31<>MAX($G$16:$L$16),L31)) -> 0.05 | M32: =SUM(G32:L32) -> 0.1402
G35: =IF($C$4<=$N$4,($C$4)*G11) -> FALSE | H35: =IF($C$4<=$N$4,($C$4)*H11) -> FALSE | I35: =IF($C$4<=$N$4,($C$4)*I11) -> FALSE | J35: =IF($C$4<=$N$4,($C$4)*J11) -> FALSE | K35: =IF($C$4<=$N$4,($C$4)*K11) -> FALSE | L35: =IF($C$4<=$N$4,($C$4)*L11) -> FALSE
G36: =IF($C$4>$N$4,($C$4-$R$8)*G29) -> 0.0084330827 | H36: =IF($C$4>$N$4,($C$4-$R$8)*H29) -> 0.0073789474 | I36: =IF($C$4>$N$4,($C$4-$R$8)*I29) -> 0.02702803 | J36: =IF($C$4>$N$4,($C$4-$R$8)*J29) -> 0.0058609925 | K36: =IF($C$4>$N$4,($C$4-$R$8)*K29) -> 0.091498947
G40: 0.04 | H40: 0.035 | I40: 0.1282 | J40: 0.0278 | K40: 0.434 | L40: =SUM(G40:K40) -> 0.665
G41: =G40/$L$40 -> 0.060150376 | H41: =H40/$L$40 -> 0.052631579 | I41: =I40/$L$40 -> 0.19278195 | J41: =J40/$L$40 -> 0.041804511 | K41: =K40/$L$40 -> 0.65263158
B43: Alíquota Serviços
A44: 2017 | B44: 0.0542 | D44: 7.3
D45: 11.05
A46: 2018 | B46: 0.0581 | D46: =D45-D44 -> 3.75
A48: Aumento da Carga Trib | B48: =B46-B44 -> 0.0039

Sheet Impostos Mensais
A1: IMPOSTOS MENSAIS – SIMPLES NACIONAL (ANEXO III)
A2: JEFFERSON RODRIGUES
A3: Mês | B3: Faturamento (R$) | C3: RBT12 (R$) | D3: Alíquota Efetiva | E3: Total DAS (R$) | F3: IRPJ (R$) | G3: CSLL (R$) | H3: Cofins (R$) | I3: PIS/Pasep (R$) | J3: CPP (R$) | K3: ISS (R$)
A4: ▸ 2025
A5: jan/2025 | B5: 0 | C5: =SUM(INDIRECT("B"&MAX(5,ROW()-11)&":B"&ROW())) -> 0 | D5: =IF(C5=0,0,ROUND((C5*VLOOKUP(C5,'ANEXO III'!$B$7:$E$12,3,TRUE())-VLOOKUP(C5,'ANEXO III'!$B$7:$E$12,4,TRUE()))/C5,6)) -> 0 | E5: =ROUND(SUM(F5:K5),2) -> 0 | F5: =IF(B5=0,0,ROUND(B5*D5*VLOOKUP(C5,'ANEXO III'!$B$7:$L$12,6,TRUE()),2)) -> 0 | G5: =IF(B5=0,0,ROUND(B5*D5*VLOOKUP(C5,'ANEXO III'!$B$7:$L$12,7,TRUE()),2)) -> 0 | H5: =IF(B5=0,0,ROUND(B5*D5*VLOOKUP(C5,'ANEXO III'!$B$7:$L$12,8,TRUE()),2)) -> 0 | I5: =IF(B5=0,0,ROUND(B5*D5*VLOOKUP(C5,'ANEXO III'!$B$7:$L$12,9,TRUE()),2)) -> 0 | J5: =IF(B5=0,0,ROUND(B5*D5*VLOOKUP(C5,'ANEXO III'!$B$7:$L$12,10,TRUE()),2)) -> 0 | K5: =IF(B5=0,0,ROUND(MIN(B5*D5*VLOOKUP(C5,'ANEXO III'!$B$7:$L$12,11,TRUE()),B5*5%),2)) -> 0
A6: fev/2025 | B6: 0 | C6: =SUM(INDIRECT("B"&MAX(5,ROW()-11)&":B"&ROW())) -> 0 | D6: =IF(C6=0,0,ROUND((C6*VLOOKUP(C6,'ANEXO III'!$B$7:$E$12,3,TRUE())-VLOOKUP(C6,'ANEXO III'!$B$7:$E$12,4,TRUE()))/C6,6)) -> 0 | E6: =ROUND(SUM(F6:K6),2) -> 0 | F6: =IF(B6=0,0,ROUND(B6*D6*VLOOKUP(C6,'ANEXO III'!$B$7:$L$12,6,TRUE()),2)) -> 0 | G6: =IF(B6=0,0,ROUND(B6*D6*VLOOKUP(C6,'ANEXO III'!$B$7:$L$12,7,TRUE()),2)) -> 0 | H6: =IF(B6=0,0,ROUND(B6*D6*VLOOKUP(C6,'ANEXO III'!$B$7:$L$12,8,TRUE()),2)) -> 0 | I6: =IF(B6=0,0,ROUND(B6*D6*VLOOKUP(C6,'ANEXO III'!$B$7:$L$12,9,TRUE()),2)) -> 0 | J6: =IF(B6=0,0,ROUND(B6*D6*VLOOKUP(C6,'ANEXO III'!$B$7:$L$12,10,TRUE()),2)) -> 0 | K6: =IF(B6=0,0,ROUND(MIN(B6*D6*VLOOKUP(C6,'ANEXO III'!$B$7:$L$12,11,TRUE()),B6*5%),2)) -> 0
A7: mar/2025 | B7: 0 | C7: =SUM(INDIRECT("B"&MAX(5,ROW()-11)&":B"&ROW())) -> 0 | D7: =IF(C7=0,0,ROUND((C7*VLOOKUP(C7,'ANEXO III'!$B$7:$E$12,3,TRUE())-VLOOKUP(C7,'ANEXO III'!$B$7:$E$12,4,TRUE()))/C7,6)) -> 0 | E7: =ROUND(SUM(F7:K7),2) -> 0 | F7: =IF(B7=0,0,ROUND(B7*D7*VLOOKUP(C7,'ANEXO III'!$B$7:$L$12,6,TRUE()),2)) -> 0 | G7: =IF(B7=0,0,ROUND(B7*D7*VLOOKUP(C7,'ANEXO III'!$B$7:$L$12,7,TRUE()),2)) -> 0 | H7: =IF(B7=0,0,ROUND(B7*D7*VLOOKUP(C7,'ANEXO III'!$B$7:$L$12,8,TRUE()),2)) -> 0 | I7: =IF(B7=0,0,ROUND(B7*D7*VLOOKUP(C7,'ANEXO III'!$B$7:$L$12,9,TRUE()),2)) -> 0 | J7: =IF(B7=0,0,ROUND(B7*D7*VLOOKUP(C7,'ANEXO III'!$B$7:$L$12,10,TRUE()),2)) -> 0 | K7: =IF(B7=0,0,ROUND(MIN(B7*D7*VLOOKUP(C7,'ANEXO III'!$B$7:$L$12,11,TRUE()),B7*5%),2)) -> 0
A8: abr/2025 | B8: 0 | C8: =SUM(INDIRECT("B"&MAX(5,ROW()-11)&":B"&ROW())) -> 0 | D8: =IF(C8=0,0,ROUND((C8*VLOOKUP(C8,'ANEXO III'!$B$7:$E$12,3,TRUE())-VLOOKUP(C8,'ANEXO III'!$B$7:$E$12,4,TRUE()))/C8,6)) -> 0 | E8: =ROUND(SUM(F8:K8),2) -> 0 | F8: =IF(B8=0,0,ROUND(B8*D8*VLOOKUP(C8,'ANEXO III'!$B$7:$L$12,6,TRUE()),2)) -> 0 | G8: =IF(B8=0,0,ROUND(B8*D8*VLOOKUP(C8,'ANEXO III'!$B$7:$L$12,7,TRUE()),2)) -> 0 | H8: =IF(B8=0,0,ROUND(B8*D8*VLOOKUP(C8,'ANEXO III'!$B$7:$L$12,8,TRUE()),2)) -> 0 | I8: =IF(B8=0,0,ROUND(B8*D8*VLOOKUP(C8,'ANEXO III'!$B$7:$L$12,9,TRUE()),2)) -> 0 | J8: =IF(B8=0,0,ROUND(B8*D8*VLOOKUP(C8,'ANEXO III'!$B$7:$L$12,10,TRUE()),2)) -> 0 | K8: =IF(B8=0,0,ROUND(MIN(B8*D8*VLOOKUP(C8,'ANEXO III'!$B$7:$L$12,11,TRUE()),B8*5%),2)) -> 0
A9: mai/2025 | B9: 0 | C9: =SUM(INDIRECT("B"&MAX(5,ROW()-11)&":B"&ROW())) -> 0 | D9: =IF(C9=0,0,ROUND((C9*VLOOKUP(C9,'ANEXO III'!$B$7:$E$12,3,TRUE())-VLOOKUP(C9,'ANEXO III'!$B$7:$E$12,4,TRUE()))/C9,6)) -> 0 | E9: =ROUND(SUM(F9:K9),2) -> 0 | F9: =IF(B9=0,0,ROUND(B9*D9*VLOOKUP(C9,'ANEXO III'!$B$7:$L$12,6,TRUE()),2)) -> 0 | G9: =IF(B9=0,0,ROUND(B9*D9*VLOOKUP(C9,'ANEXO III'!$B$7:$L$12,7,TRUE()),2)) -> 0 | H9: =IF(B9=0,0,ROUND(B9*D9*VLOOKUP(C9,'ANEXO III'!$B$7:$L$12,8,TRUE()),2)) -> 0 | I9: =IF(B9=0,0,ROUND(B9*D9*VLOOKUP(C9,'ANEXO III'!$B$7:$L$12,9,TRUE()),2)) -> 0 | J9: =IF(B9=0,0,ROUND(B9*D9*VLOOKUP(C9,'ANEXO III'!$B$7:$L$12,10,TRUE()),2)) -> 0 | K9: =IF(B9=0,0,ROUND(MIN(B9*D9*VLOOKUP(C9,'ANEXO III'!$B$7:$L$12,11,TRUE()),B9*5%),2)) -> 0
A10: jun/2025 | B10: 0 | C10: =SUM(INDIRECT("B"&MAX(5,ROW()-11)&":B"&ROW())) -> 0 | D10: =IF(C10=0,0,ROUND((C10*VLOOKUP(C10,'ANEXO III'!$B$7:$E$12,3,TRUE())-VLOOKUP(C10,'ANEXO III'!$B$7:$E$12,4,TRUE()))/C10,6)) -> 0 | E10: =ROUND(SUM(F10:K10),2) -> 0 | F10: =IF(B10=0,0,ROUND(B10*D10*VLOOKUP(C10,'ANEXO III'!$B$7:$L$12,6,TRUE()),2)) -> 0 | G10: =IF(B10=0,0,ROUND(B10*D10*VLOOKUP(C10,'ANEXO III'!$B$7:$L$12,7,TRUE()),2)) -> 0 | H10: =IF(B10=0,0,ROUND(B10*D10*VLOOKUP(C10,'ANEXO III'!$B$7:$L$12,8,TRUE()),2)) -> 0 | I10: =IF(B10=0,0,ROUND(B10*D10*VLOOKUP(C10,'ANEXO III'!$B$7:$L$12,9,TRUE()),2)) -> 0 | J10: =IF(B10=0,0,ROUND(B10*D10*VLOOKUP(C10,'ANEXO III'!$B$7:$L$12,10,TRUE()),2)) -> 0 | K10: =IF(B10=0,0,ROUND(MIN(B10*D10*VLOOKUP(C10,'ANEXO III'!$B$7:$L$12,11,TRUE()),B10*5%),2)) -> 0
A11: jul/2025 | B11: 0 | C11: =SUM(INDIRECT("B"&MAX(5,ROW()-11)&":B"&ROW())) -> 0 | D11: =IF(C11=0,0,ROUND((C11*VLOOKUP(C11,'ANEXO III'!$B$7:$E$12,3,TRUE())-VLOOKUP(C11,'ANEXO III'!$B$7:$E$12,4,TRUE()))/C11,6)) -> 0 | E11: =ROUND(SUM(F11:K11),2) -> 0 | F11: =IF(B11=0,0,ROUND(B11*D11*VLOOKUP(C11,'ANEXO III'!$B$7:$L$12,6,TRUE()),2)) -> 0 | G11: =IF(B11=0,0,ROUND(B11*D11*VLOOKUP(C11,'ANEXO III'!$B$7:$L$12,7,TRUE()),2)) -> 0 | H11: =IF(B11=0,0,ROUND(B11*D11*VLOOKUP(C11,'ANEXO III'!$B$7:$L$12,8,TRUE()),2)) -> 0 | I11: =IF(B11=0,0,ROUND(B11*D11*VLOOKUP(C11,'ANEXO III'!$B$7:$L$12,9,TRUE()),2)) -> 0 | J11: =IF(B11=0,0,ROUND(B11*D11*VLOOKUP(C11,'ANEXO III'!$B$7:$L$12,10,TRUE()),2)) -> 0 | K11: =IF(B11=0,0,ROUND(MIN(B11*D11*VLOOKUP(C11,'ANEXO III'!$B$7:$L$12,11,TRUE()),B11*5%),2)) -> 0
A12: ago/2025 | B12: 0 | C12: =SUM(INDIRECT("B"&MAX(5,ROW()-11)&":B"&ROW())) -> 0 | D12: =IF(C12=0,0,ROUND((C12*VLOOKUP(C12,'ANEXO III'!$B$7:$E$12,3,TRUE())-VLOOKUP(C12,'ANEXO III'!$B$7:$E$12,4,TRUE()))/C12,6)) -> 0 | E12: =ROUND(SUM(F12:K12),2) -> 0 | F12: =IF(B12=0,0,ROUND(B12*D12*VLOOKUP(C12,'ANEXO III'!$B$7:$L$12,6,TRUE()),2)) -> 0 | G12: =IF(B12=0,0,ROUND(B12*D12*VLOOKUP(C12,'ANEXO III'!$B$7:$L$12,7,TRUE()),2)) -> 0 | H12: =IF(B12=0,0,ROUND(B12*D12*VLOOKUP(C12,'ANEXO III'!$B$7:$L$12,8,TRUE()),2)) -> 0 | I12: =IF(B12=0,0,ROUND(B12*D12*VLOOKUP(C12,'ANEXO III'!$B$7:$L$12,9,TRUE()),2)) -> 0 | J12: =IF(B12=0,0,ROUND(B12*D12*VLOOKUP(C12,'ANEXO III'!$B$7:$L$12,10,TRUE()),2)) -> 0 | K12: =IF(B12=0,0,ROUND(MIN(B12*D12*VLOOKUP(C12,'ANEXO III'!$B$7:$L$12,11,TRUE()),B12*5%),2)) -> 0
A13: set/2025 | B13: 0 | C13: =SUM(INDIRECT("B"&MAX(5,ROW()-11)&":B"&ROW())) -> 0 | D13: =IF(C13=0,0,ROUND((C13*VLOOKUP(C13,'ANEXO III'!$B$7:$E$12,3,TRUE())-VLOOKUP(C13,'ANEXO III'!$B$7:$E$12,4,TRUE()))/C13,6)) -> 0 | E13: =ROUND(SUM(F13:K13),2) -> 0 | F13: =IF(B13=0,0,ROUND(B13*D13*VLOOKUP(C13,'ANEXO III'!$B$7:$L$12,6,TRUE()),2)) -> 0 | G13: =IF(B13=0,0,ROUND(B13*D13*VLOOKUP(C13,'ANEXO III'!$B$7:$L$12,7,TRUE()),2)) -> 0 | H13: =IF(B13=0,0,ROUND(B13*D13*VLOOKUP(C13,'ANEXO III'!$B$7:$L$12,8,TRUE()),2)) -> 0 | I13: =IF(B13=0,0,ROUND(B13*D13*VLOOKUP(C13,'ANEXO III'!$B$7:$L$12,9,TRUE()),2)) -> 0 | J13: =IF(B13=0,0,ROUND(B13*D13*VLOOKUP(C13,'ANEXO III'!$B$7:$L$12,10,TRUE()),2)) -> 0 | K13: =IF(B13=0,0,ROUND(MIN(B13*D13*VLOOKUP(C13,'ANEXO III'!$B$7:$L$12,11,TRUE()),B13*5%),2)) -> 0
A14: out/2025 | B14: 0 | C14: =SUM(INDIRECT("B"&MAX(5,ROW()-11)&":B"&ROW())) -> 0 | D14: =IF(C14=0,0,ROUND((C14*VLOOKUP(C14,'ANEXO III'!$B$7:$E$12,3,TRUE())-VLOOKUP(C14,'ANEXO III'!$B$7:$E$12,4,TRUE()))/C14,6)) -> 0 | E14: =ROUND(SUM(F14:K14),2) -> 0 | F14: =IF(B14=0,0,ROUND(B14*D14*VLOOKUP(C14,'ANEXO III'!$B$7:$L$12,6,TRUE()),2)) -> 0 | G14: =IF(B14=0,0,ROUND(B14*D14*VLOOKUP(C14,'ANEXO III'!$B$7:$L$12,7,TRUE()),2)) -> 0 | H14: =IF(B14=0,0,ROUND(B14*D14*VLOOKUP(C14,'ANEXO III'!$B$7:$L$12,8,TRUE()),2)) -> 0 | I14: =IF(B14=0,0,ROUND(B14*D14*VLOOKUP(C14,'ANEXO III'!$B$7:$L$12,9,TRUE()),2)) -> 0 | J14: =IF(B14=0,0,ROUND(B14*D14*VLOOKUP(C14,'ANEXO III'!$B$7:$L$12,10,TRUE()),2)) -> 0 | K14: =IF(B14=0,0,ROUND(MIN(B14*D14*VLOOKUP(C14,'ANEXO III'!$B$7:$L$12,11,TRUE()),B14*5%),2)) -> 0
A15: nov/2025 | B15: 0 | C15: =SUM(INDIRECT("B"&MAX(5,ROW()-11)&":B"&ROW())) -> 0 | D15: =IF(C15=0,0,ROUND((C15*VLOOKUP(C15,'ANEXO III'!$B$7:$E$12,3,TRUE())-VLOOKUP(C15,'ANEXO III'!$B$7:$E$12,4,TRUE()))/C15,6)) -> 0 | E15: =ROUND(SUM(F15:K15),2) -> 0 | F15: =IF(B15=0,0,ROUND(B15*D15*VLOOKUP(C15,'ANEXO III'!$B$7:$L$12,6,TRUE()),2)) -> 0 | G15: =IF(B15=0,0,ROUND(B15*D15*VLOOKUP(C15,'ANEXO III'!$B$7:$L$12,7,TRUE()),2)) -> 0 | H15: =IF(B15=0,0,ROUND(B15*D15*VLOOKUP(C15,'ANEXO III'!$B$7:$L$12,8,TRUE()),2)) -> 0 | I15: =IF(B15=0,0,ROUND(B15*D15*VLOOKUP(C15,'ANEXO III'!$B$7:$L$12,9,TRUE()),2)) -> 0 | J15: =IF(B15=0,0,ROUND(B15*D15*VLOOKUP(C15,'ANEXO III'!$B$7:$L$12,10,TRUE()),2)) -> 0 | K15: =IF(B15=0,0,ROUND(MIN(B15*D15*VLOOKUP(C15,'ANEXO III'!$B$7:$L$12,11,TRUE()),B15*5%),2)) -> 0
A16: dez/2025 | B16: 0 | C16: =SUM(INDIRECT("B"&MAX(5,ROW()-11)&":B"&ROW())) -> 0 | D16: =IF(C16=0,0,ROUND((C16*VLOOKUP(C16,'ANEXO III'!$B$7:$E$12,3,TRUE())-VLOOKUP(C16,'ANEXO III'!$B$7:$E$12,4,TRUE()))/C16,6)) -> 0 | E16: =ROUND(SUM(F16:K16),2) -> 0 | F16: =IF(B16=0,0,ROUND(B16*D16*VLOOKUP(C16,'ANEXO III'!$B$7:$L$12,6,TRUE()),2)) -> 0 | G16: =IF(B16=0,0,ROUND(B16*D16*VLOOKUP(C16,'ANEXO III'!$B$7:$L$12,7,TRUE()),2)) -> 0 | H16: =IF(B16=0,0,ROUND(B16*D16*VLOOKUP(C16,'ANEXO III'!$B$7:$L$12,8,TRUE()),2)) -> 0 | I16: =IF(B16=0,0,ROUND(B16*D16*VLOOKUP(C16,'ANEXO III'!$B$7:$L$12,9,TRUE()),2)) -> 0 | J16: =IF(B16=0,0,ROUND(B16*D16*VLOOKUP(C16,'ANEXO III'!$B$7:$L$12,10,TRUE()),2)) -> 0 | K16: =IF(B16=0,0,ROUND(MIN(B16*D16*VLOOKUP(C16,'ANEXO III'!$B$7:$L$12,11,TRUE()),B16*5%),2)) -> 0
A17: ▸ 2026
A18: jan/2026 | B18: 0 | C18: =SUM(INDIRECT("B"&MAX(5,ROW()-11)&":B"&ROW())) -> 0 | D18: =IF(C18=0,0,ROUND((C18*VLOOKUP(C18,'ANEXO III'!$B$7:$E$12,3,TRUE())-VLOOKUP(C18,'ANEXO III'!$B$7:$E$12,4,TRUE()))/C18,6)) -> 0 | E18: =ROUND(SUM(F18:K18),2) -> 0 | F18: =IF(B18=0,0,ROUND(B18*D18*VLOOKUP(C18,'ANEXO III'!$B$7:$L$12,6,TRUE()),2)) -> 0 | G18: =IF(B18=0,0,ROUND(B18*D18*VLOOKUP(C18,'ANEXO III'!$B$7:$L$12,7,TRUE()),2)) -> 0 | H18: =IF(B18=0,0,ROUND(B18*D18*VLOOKUP(C18,'ANEXO III'!$B$7:$L$12,8,TRUE()),2)) -> 0 | I18: =IF(B18=0,0,ROUND(B18*D18*VLOOKUP(C18,'ANEXO III'!$B$7:$L$12,9,TRUE()),2)) -> 0 | J18: =IF(B18=0,0,ROUND(B18*D18*VLOOKUP(C18,'ANEXO III'!$B$7:$L$12,10,TRUE()),2)) -> 0 | K18: =IF(B18=0,0,ROUND(MIN(B18*D18*VLOOKUP(C18,'ANEXO III'!$B$7:$L$12,11,TRUE()),B18*5%),2)) -> 0
A19: fev/2026 | B19: 0 | C19: =SUM(INDIRECT("B"&MAX(5,ROW()-11)&":B"&ROW())) -> 0 | D19: =IF(C19=0,0,ROUND((C19*VLOOKUP(C19,'ANEXO III'!$B$7:$E$12,3,TRUE())-VLOOKUP(C19,'ANEXO III'!$B$7:$E$12,4,TRUE()))/C19,6)) -> 0 | E19: =ROUND(SUM(F19:K19),2) -> 0 | F19: =IF(B19=0,0,ROUND(B19*D19*VLOOKUP(C19,'ANEXO III'!$B$7:$L$12,6,TRUE()),2)) -> 0 | G19: =IF(B19=0,0,ROUND(B19*D19*VLOOKUP(C19,'ANEXO III'!$B$7:$L$12,7,TRUE()),2)) -> 0 | H19: =IF(B19=0,0,ROUND(B19*D19*VLOOKUP(C19,'ANEXO III'!$B$7:$L$12,8,TRUE()),2)) -> 0 | I19: =IF(B19=0,0,ROUND(B19*D19*VLOOKUP(C19,'ANEXO III'!$B$7:$L$12,9,TRUE()),2)) -> 0 | J19: =IF(B19=0,0,ROUND(B19*D19*VLOOKUP(C19,'ANEXO III'!$B$7:$L$12,10,TRUE()),2)) -> 0 | K19: =IF(B19=0,0,ROUND(MIN(B19*D19*VLOOKUP(C19,'ANEXO III'!$B$7:$L$12,11,TRUE()),B19*5%),2)) -> 0
A20: mar/2026 | B20: 0 | C20: =SUM(INDIRECT("B"&MAX(5,ROW()-11)&":B"&ROW())) -> 0 | D20: =IF(C20=0,0,ROUND((C20*VLOOKUP(C20,'ANEXO III'!$B$7:$E$12,3,TRUE())-VLOOKUP(C20,'ANEXO III'!$B$7:$E$12,4,TRUE()))/C20,6)) -> 0 | E20: =ROUND(SUM(F20:K20),2) -> 0 | F20: =IF(B20=0,0,ROUND(B20*D20*VLOOKUP(C20,'ANEXO III'!$B$7:$L$12,6,TRUE()),2)) -> 0 | G20: =IF(B20=0,0,ROUND(B20*D20*VLOOKUP(C20,'ANEXO III'!$B$7:$L$12,7,TRUE()),2)) -> 0 | H20: =IF(B20=0,0,ROUND(B20*D20*VLOOKUP(C20,'ANEXO III'!$B$7:$L$12,8,TRUE()),2)) -> 0 | I20: =IF(B20=0,0,ROUND(B20*D20*VLOOKUP(C20,'ANEXO III'!$B$7:$L$12,9,TRUE()),2)) -> 0 | J20: =IF(B20=0,0,ROUND(B20*D20*VLOOKUP(C20,'ANEXO III'!$B$7:$L$12,10,TRUE()),2)) -> 0 | K20: =IF(B20=0,0,ROUND(MIN(B20*D20*VLOOKUP(C20,'ANEXO III'!$B$7:$L$12,11,TRUE()),B20*5%),2)) -> 0
A21: abr/2026 | B21: 0 | C21: =SUM(INDIRECT("B"&MAX(5,ROW()-11)&":B"&ROW())) -> 0 | D21: =IF(C21=0,0,ROUND((C21*VLOOKUP(C21,'ANEXO III'!$B$7:$E$12,3,TRUE())-VLOOKUP(C21,'ANEXO III'!$B$7:$E$12,4,TRUE()))/C21,6)) -> 0 | E21: =ROUND(SUM(F21:K21),2) -> 0 | F21: =IF(B21=0,0,ROUND(B21*D21*VLOOKUP(C21,'ANEXO III'!$B$7:$L$12,6,TRUE()),2)) -> 0 | G21: =IF(B21=0,0,ROUND(B21*D21*VLOOKUP(C21,'ANEXO III'!$B$7:$L$12,7,TRUE()),2)) -> 0 | H21: =IF(B21=0,0,ROUND(B21*D21*VLOOKUP(C21,'ANEXO III'!$B$7:$L$12,8,TRUE()),2)) -> 0 | I21: =IF(B21=0,0,ROUND(B21*D21*VLOOKUP(C21,'ANEXO III'!$B$7:$L$12,9,TRUE()),2)) -> 0 | J21: =IF(B21=0,0,ROUND(B21*D21*VLOOKUP(C21,'ANEXO III'!$B$7:$L$12,10,TRUE()),2)) -> 0 | K21: =IF(B21=0,0,ROUND(MIN(B21*D21*VLOOKUP(C21,'ANEXO III'!$B$7:$L$12,11,TRUE()),B21*5%),2)) -> 0
A22: mai/2026 | B22: 0 | C22: =SUM(INDIRECT("B"&MAX(5,ROW()-11)&":B"&ROW())) -> 0 | D22: =IF(C22=0,0,ROUND((C22*VLOOKUP(C22,'ANEXO III'!$B$7:$E$12,3,TRUE())-VLOOKUP(C22,'ANEXO III'!$B$7:$E$12,4,TRUE()))/C22,6)) -> 0 | E22: =ROUND(SUM(F22:K22),2) -> 0 | F22: =IF(B22=0,0,ROUND(B22*D22*VLOOKUP(C22,'ANEXO III'!$B$7:$L$12,6,TRUE()),2)) -> 0 | G22: =IF(B22=0,0,ROUND(B22*D22*VLOOKUP(C22,'ANEXO III'!$B$7:$L$12,7,TRUE()),2)) -> 0 | H22: =IF(B22=0,0,ROUND(B22*D22*VLOOKUP(C22,'ANEXO III'!$B$7:$L$12,8,TRUE()),2)) -> 0 | I22: =IF(B22=0,0,ROUND(B22*D22*VLOOKUP(C22,'ANEXO III'!$B$7:$L$12,9,TRUE()),2)) -> 0 | J22: =IF(B22=0,0,ROUND(B22*D22*VLOOKUP(C22,'ANEXO III'!$B$7:$L$12,10,TRUE()),2)) -> 0 | K22: =IF(B22=0,0,ROUND(MIN(B22*D22*VLOOKUP(C22,'ANEXO III'!$B$7:$L$12,11,TRUE()),B22*5%),2)) -> 0
A23: jun/2026 | B23: 0 | C23: =SUM(INDIRECT("B"&MAX(5,ROW()-11)&":B"&ROW())) -> 0 | D23: =IF(C23=0,0,ROUND((C23*VLOOKUP(C23,'ANEXO III'!$B$7:$E$12,3,TRUE())-VLOOKUP(C23,'ANEXO III'!$B$7:$E$12,4,TRUE()))/C23,6)) -> 0 | E23: =ROUND(SUM(F23:K23),2) -> 0 | F23: =IF(B23=0,0,ROUND(B23*D23*VLOOKUP(C23,'ANEXO III'!$B$7:$L$12,6,TRUE()),2)) -> 0 | G23: =IF(B23=0,0,ROUND(B23*D23*VLOOKUP(C23,'ANEXO III'!$B$7:$L$12,7,TRUE()),2)) -> 0 | H23: =IF(B23=0,0,ROUND(B23*D23*VLOOKUP(C23,'ANEXO III'!$B$7:$L$12,8,TRUE()),2)) -> 0 | I23: =IF(B23=0,0,ROUND(B23*D23*VLOOKUP(C23,'ANEXO III'!$B$7:$L$12,9,TRUE()),2)) -> 0 | J23: =IF(B23=0,0,ROUND(B23*D23*VLOOKUP(C23,'ANEXO III'!$B$7:$L$12,10,TRUE()),2)) -> 0 | K23: =IF(B23=0,0,ROUND(MIN(B23*D23*VLOOKUP(C23,'ANEXO III'!$B$7:$L$12,11,TRUE()),B23*5%),2)) -> 0
A24: jul/2026 | B24: 0 | C24: =SUM(INDIRECT("B"&MAX(5,ROW()-11)&":B"&ROW())) -> 0 | D24: =IF(C24=0,0,ROUND((C24*VLOOKUP(C24,'ANEXO III'!$B$7:$E$12,3,TRUE())-VLOOKUP(C24,'ANEXO III'!$B$7:$E$12,4,TRUE()))/C24,6)) -> 0 | E24: =ROUND(SUM(F24:K24),2) -> 0 | F24: =IF(B24=0,0,ROUND(B24*D24*VLOOKUP(C24,'ANEXO III'!$B$7:$L$12,6,TRUE()),2)) -> 0 | G24: =IF(B24=0,0,ROUND(B24*D24*VLOOKUP(C24,'ANEXO III'!$B$7:$L$12,7,TRUE()),2)) -> 0 | H24: =IF(B24=0,0,ROUND(B24*D24*VLOOKUP(C24,'ANEXO III'!$B$7:$L$12,8,TRUE()),2)) -> 0 | I24: =IF(B24=0,0,ROUND(B24*D24*VLOOKUP(C24,'ANEXO III'!$B$7:$L$12,9,TRUE()),2)) -> 0 | J24: =IF(B24=0,0,ROUND(B24*D24*VLOOKUP(C24,'ANEXO III'!$B$7:$L$12,10,TRUE()),2)) -> 0 | K24: =IF(B24=0,0,ROUND(MIN(B24*D24*VLOOKUP(C24,'ANEXO III'!$B$7:$L$12,11,TRUE()),B24*5%),2)) -> 0
A25: ago/2026 | B25: 0 | C25: =SUM(INDIRECT("B"&MAX(5,ROW()-11)&":B"&ROW())) -> 0 | D25: =IF(C25=0,0,ROUND((C25*VLOOKUP(C25,'ANEXO III'!$B$7:$E$12,3,TRUE())-VLOOKUP(C25,'ANEXO III'!$B$7:$E$12,4,TRUE()))/C25,6)) -> 0 | E25: =ROUND(SUM(F25:K25),2) -> 0 | F25: =IF(B25=0,0,ROUND(B25*D25*VLOOKUP(C25,'ANEXO III'!$B$7:$L$12,6,TRUE()),2)) -> 0 | G25: =IF(B25=0,0,ROUND(B25*D25*VLOOKUP(C25,'ANEXO III'!$B$7:$L$12,7,TRUE()),2)) -> 0 | H25: =IF(B25=0,0,ROUND(B25*D25*VLOOKUP(C25,'ANEXO III'!$B$7:$L$12,8,TRUE()),2)) -> 0 | I25: =IF(B25=0,0,ROUND(B25*D25*VLOOKUP(C25,'ANEXO III'!$B$7:$L$12,9,TRUE()),2)) -> 0 | J25: =IF(B25=0,0,ROUND(B25*D25*VLOOKUP(C25,'ANEXO III'!$B$7:$L$12,10,TRUE()),2)) -> 0 | K25: =IF(B25=0,0,ROUND(MIN(B25*D25*VLOOKUP(C25,'ANEXO III'!$B$7:$L$12,11,TRUE()),B25*5%),2)) -> 0
A26: set/2026 | B26: 0 | C26: =SUM(INDIRECT("B"&MAX(5,ROW()-11)&":B"&ROW())) -> 0 | D26: =IF(C26=0,0,ROUND((C26*VLOOKUP(C26,'ANEXO III'!$B$7:$E$12,3,TRUE())-VLOOKUP(C26,'ANEXO III'!$B$7:$E$12,4,TRUE()))/C26,6)) -> 0 | E26: =ROUND(SUM(F26:K26),2) -> 0 | F26: =IF(B26=0,0,ROUND(B26*D26*VLOOKUP(C26,'ANEXO III'!$B$7:$L$12,6,TRUE()),2)) -> 0 | G26: =IF(B26=0,0,ROUND(B26*D26*VLOOKUP(C26,'ANEXO III'!$B$7:$L$12,7,TRUE()),2)) -> 0 | H26: =IF(B26=0,0,ROUND(B26*D26*VLOOKUP(C26,'ANEXO III'!$B$7:$L$12,8,TRUE()),2)) -> 0 | I26: =IF(B26=0,0,ROUND(B26*D26*VLOOKUP(C26,'ANEXO III'!$B$7:$L$12,9,TRUE()),2)) -> 0 | J26: =IF(B26=0,0,ROUND(B26*D26*VLOOKUP(C26,'ANEXO III'!$B$7:$L$12,10,TRUE()),2)) -> 0 | K26: =IF(B26=0,0,ROUND(MIN(B26*D26*VLOOKUP(C26,'ANEXO III'!$B$7:$L$12,11,TRUE()),B26*5%),2)) -> 0
A27: out/2026 | B27: 0 | C27: =SUM(INDIRECT("B"&MAX(5,ROW()-11)&":B"&ROW())) -> 0 | D27: =IF(C27=0,0,ROUND((C27*VLOOKUP(C27,'ANEXO III'!$B$7:$E$12,3,TRUE())-VLOOKUP(C27,'ANEXO III'!$B$7:$E$12,4,TRUE()))/C27,6)) -> 0 | E27: =ROUND(SUM(F27:K27),2) -> 0 | F27: =IF(B27=0,0,ROUND(B27*D27*VLOOKUP(C27,'ANEXO III'!$B$7:$L$12,6,TRUE()),2)) -> 0 | G27: =IF(B27=0,0,ROUND(B27*D27*VLOOKUP(C27,'ANEXO III'!$B$7:$L$12,7,TRUE()),2)) -> 0 | H27: =IF(B27=0,0,ROUND(B27*D27*VLOOKUP(C27,'ANEXO III'!$B$7:$L$12,8,TRUE()),2)) -> 0 | I27: =IF(B27=0,0,ROUND(B27*D27*VLOOKUP(C27,'ANEXO III'!$B$7:$L$12,9,TRUE()),2)) -> 0 | J27: =IF(B27=0,0,ROUND(B27*D27*VLOOKUP(C27,'ANEXO III'!$B$7:$L$12,10,TRUE()),2)) -> 0 | K27: =IF(B27=0,0,ROUND(MIN(B27*D27*VLOOKUP(C27,'ANEXO III'!$B$7:$L$12,11,TRUE()),B27*5%),2)) -> 0
A28: nov/2026 | B28: 0 | C28: =SUM(INDIRECT("B"&MAX(5,ROW()-11)&":B"&ROW())) -> 0 | D28: =IF(C28=0,0,ROUND((C28*VLOOKUP(C28,'ANEXO III'!$B$7:$E$12,3,TRUE())-VLOOKUP(C28,'ANEXO III'!$B$7:$E$12,4,TRUE()))/C28,6)) -> 0 | E28: =ROUND(SUM(F28:K28),2) -> 0 | F28: =IF(B28=0,0,ROUND(B28*D28*VLOOKUP(C28,'ANEXO III'!$B$7:$L$12,6,TRUE()),2)) -> 0 | G28: =IF(B28=0,0,ROUND(B28*D28*VLOOKUP(C28,'ANEXO III'!$B$7:$L$12,7,TRUE()),2)) -> 0 | H28: =IF(B28=0,0,ROUND(B28*D28*VLOOKUP(C28,'ANEXO III'!$B$7:$L$12,8,TRUE()),2)) -> 0 | I28: =IF(B28=0,0,ROUND(B28*D28*VLOOKUP(C28,'ANEXO III'!$B$7:$L$12,9,TRUE()),2)) -> 0 | J28: =IF(B28=0,0,ROUND(B28*D28*VLOOKUP(C28,'ANEXO III'!$B$7:$L$12,10,TRUE()),2)) -> 0 | K28: =IF(B28=0,0,ROUND(MIN(B28*D28*VLOOKUP(C28,'ANEXO III'!$B$7:$L$12,11,TRUE()),B28*5%),2)) -> 0
A29: dez/2026 | B29: 0 | C29: =SUM(INDIRECT("B"&MAX(5,ROW()-11)&":B"&ROW())) -> 0 | D29: =IF(C29=0,0,ROUND((C29*VLOOKUP(C29,'ANEXO III'!$B$7:$E$12,3,TRUE())-VLOOKUP(C29,'ANEXO III'!$B$7:$E$12,4,TRUE()))/C29,6)) -> 0 | E29: =ROUND(SUM(F29:K29),2) -> 0 | F29: =IF(B29=0,0,ROUND(B29*D29*VLOOKUP(C29,'ANEXO III'!$B$7:$L$12,6,TRUE()),2)) -> 0 | G29: =IF(B29=0,0,ROUND(B29*D29*VLOOKUP(C29,'ANEXO III'!$B$7:$L$12,7,TRUE()),2)) -> 0 | H29: =IF(B29=0,0,ROUND(B29*D29*VLOOKUP(C29,'ANEXO III'!$B$7:$L$12,8,TRUE()),2)) -> 0 | I29: =IF(B29=0,0,ROUND(B29*D29*VLOOKUP(C29,'ANEXO III'!$B$7:$L$12,9,TRUE()),2)) -> 0 | J29: =IF(B29=0,0,ROUND(B29*D29*VLOOKUP(C29,'ANEXO III'!$B$7:$L$12,10,TRUE()),2)) -> 0 | K29: =IF(B29=0,0,ROUND(MIN(B29*D29*VLOOKUP(C29,'ANEXO III'!$B$7:$L$12,11,TRUE()),B29*5%),2)) -> 0
A31: TOTAL | B31: =SUM(B5:B16,B18:B29) -> 0 | E31: =SUM(E5:E16,E18:E29) -> 0 | F31: =SUM(F5:F16,F18:F29) -> 0 | G31: =SUM(G5:G16,G18:G29) -> 0 | H31: =SUM(H5:H16,H18:H29) -> 0 | I31: =SUM(I5:I16,I18:I29) -> 0 | J31: =SUM(J5:J16,J18:J29) -> 0 | K31: =SUM(K5:K16,K18:K29) -> 0
A33: ⚠ Faturamento (coluna B) é entrada manual – insira o faturamento bruto de cada mês.
A34: ⚠ RBT12 = soma dos últimos 12 meses de faturamento. ISS limitado a 5% do faturamento (Simples Nacional). Referência de faixas: aba ANEXO III.
